ROUND_NUM,NUM_PLAYERS,AVG_META_PCT_NONE,AVG_META_PCT_FAIR,AVG_META_PCT_PERFECT,AVG_SCORE,AVG_GOOD_SEAT_PCT
1.0000000,6.0000000,0.0000000,0.0000000,1.0000000,0.0000000,1.0000000
2.0000000,6.0000000,1.0000000,0.0000000,0.0000000,5.7600000,0.3333300
3.0000000,6.0000000,1.0000000,0.0000000,0.0000000,5.1792700,0.6346200
4.0000000,6.0000000,0.1923100,0.8076900,0.0000000,4.8871200,0.8846200
5.0000000,6.0000000,0.6538500,0.3461500,0.0000000,8.4325800,0.6346100
6.0000000,6.0000000,0.9615400,0.0384600,0.0000000,6.5155000,0.3910300
7.0000000,6.0000000,1.0000000,0.0000000,0.0000000,6.3750500,0.5192300
8.0000000,6.0000000,0.6538500,0.3461500,0.0000000,5.7632600,0.6794900
1.0000000,7.0000000,0.0000000,0.0000000,1.0000000,0.0000000,1.0000000
2.0000000,7.0000000,1.0000000,0.0000000,0.0000000,6.0597500,0.1428600
3.0000000,7.0000000,1.0000000,0.0000000,0.0000000,6.1339500,0.2472500
4.0000000,7.0000000,1.0000000,0.0000000,0.0000000,8.4470500,0.2747300
5.0000000,7.0000000,1.0000000,0.0000000,0.0000000,7.8825300,0.1868100
6.0000000,7.0000000,1.0000000,0.0000000,0.0000000,8.3182000,0.2307700
7.0000000,7.0000000,1.0000000,0.0000000,0.0000000,8.6683400,0.2197800
8.0000000,7.0000000,1.0000000,0.0000000,0.0000000,8.7278300,0.2033000
1.0000000,8.0000000,0.0000000,0.0000000,1.0000000,0.0000000,1.0000000
2.0000000,8.0000000,0.0000000,1.0000000,0.0000000,6.3595100,1.0000000
3.0000000,8.0000000,0.0384600,0.9615400,0.0000000,6.4309600,0.9951900
4.0000000,8.0000000,0.6923100,0.3076900,0.0000000,8.0649700,0.4951900
5.0000000,8.0000000,0.5769200,0.4230800,0.0000000,8.8261500,0.6394200
6.0000000,8.0000000,0.8076900,0.1923100,0.0000000,8.5933200,0.4423100
7.0000000,8.0000000,0.9230800,0.0769200,0.0000000,8.8217200,0.4663500
8.0000000,8.0000000,0.9230800,0.0769200,0.0000000,9.2196000,0.5240400
1.0000000,9.0000000,0.0000000,0.0000000,1.0000000,0.0000000,1.0000000
2.0000000,9.0000000,0.1538500,0.0000000,0.8461500,0.7061500,0.9829100
3.0000000,9.0000000,0.9615400,0.0000000,0.0384600,2.5117100,0.5598300
4.0000000,9.0000000,1.0000000,0.0000000,0.0000000,4.1673200,0.2521300
5.0000000,9.0000000,0.8846200,0.1153800,0.0000000,4.3661900,0.3504300
6.0000000,9.0000000,0.9230800,0.0769200,0.0000000,4.2553200,0.4230800
7.0000000,9.0000000,0.9615400,0.0384600,0.0000000,4.6377400,0.2606800
8.0000000,9.0000000,0.9615400,0.0384600,0.0000000,4.9520600,0.3162400
1.0000000,10.0000000,0.0000000,0.0000000,1.0000000,0.0000000,1.0000000
2.0000000,10.0000000,1.0000000,0.0000000,0.0000000,1.5898800,0.8000000
3.0000000,10.0000000,1.0000000,0.0000000,0.0000000,2.7151400,0.5500000
4.0000000,10.0000000,1.0000000,0.0000000,0.0000000,5.7911000,0.2269200
5.0000000,10.0000000,1.0000000,0.0000000,0.0000000,6.4200700,0.1307700
6.0000000,10.0000000,1.0000000,0.0000000,0.0000000,6.3971000,0.1230800
7.0000000,10.0000000,1.0000000,0.0000000,0.0000000,6.6949800,0.1230800
8.0000000,10.0000000,1.0000000,0.0000000,0.0000000,7.0386000,0.1038500
1.0000000,11.0000000,0.0000000,0.0000000,1.0000000,0.0000000,1.0000000
2.0000000,11.0000000,1.0000000,0.0000000,0.0000000,3.1797500,0.6363600
3.0000000,11.0000000,1.0000000,0.0000000,0.0000000,3.7871400,0.3671400
4.0000000,11.0000000,1.0000000,0.0000000,0.0000000,7.0446700,0.1293700
5.0000000,11.0000000,1.0000000,0.0000000,0.0000000,6.8571100,0.1398600
6.0000000,11.0000000,1.0000000,0.0000000,0.0000000,7.0803200,0.1188800
7.0000000,11.0000000,1.0000000,0.0000000,0.0000000,7.3234300,0.1118900
8.0000000,11.0000000,1.0000000,0.0000000,0.0000000,7.5431900,0.1188800
1.0000000,12.0000000,0.0000000,0.0000000,1.0000000,0.0000000,1.0000000
2.0000000,12.0000000,1.0000000,0.0000000,0.0000000,4.7696300,0.5000000
3.0000000,12.0000000,1.0000000,0.0000000,0.0000000,5.1234100,0.2243600
4.0000000,12.0000000,1.0000000,0.0000000,0.0000000,7.1884500,0.1538400
5.0000000,12.0000000,1.0000000,0.0000000,0.0000000,7.3768800,0.1282000
6.0000000,12.0000000,1.0000000,0.0000000,0.0000000,7.5233400,0.1762800
7.0000000,12.0000000,1.0000000,0.0000000,0.0000000,7.6006900,0.1506400
8.0000000,12.0000000,1.0000000,0.0000000,0.0000000,8.2215300,0.1121800
1.0000000,13.0000000,0.0000000,0.0000000,1.0000000,0.0000000,1.0000000
2.0000000,13.0000000,0.1153800,0.0000000,0.8846200,0.1834500,0.9822500
3.0000000,13.0000000,1.0000000,0.0000000,0.0000000,1.4798000,0.7869800
4.0000000,13.0000000,1.0000000,0.0000000,0.0000000,4.1799400,0.4763300
5.0000000,13.0000000,1.0000000,0.0000000,0.0000000,5.5651600,0.1923100
6.0000000,13.0000000,1.0000000,0.0000000,0.0000000,6.0807500,0.1065100
7.0000000,13.0000000,1.0000000,0.0000000,0.0000000,6.0124700,0.1035500
8.0000000,13.0000000,1.0000000,0.0000000,0.0000000,6.3080900,0.0917100
1.0000000,14.0000000,0.0000000,0.0000000,1.0000000,0.0000000,1.0000000
2.0000000,14.0000000,0.0384600,0.0000000,0.9615400,0.0611500,0.9945100
3.0000000,14.0000000,0.9615400,0.0000000,0.0384600,1.5306600,0.7664800
4.0000000,14.0000000,1.0000000,0.0000000,0.0000000,5.6218800,0.3653800
5.0000000,14.0000000,1.0000000,0.0000000,0.0000000,6.4319000,0.1675800
6.0000000,14.0000000,1.0000000,0.0000000,0.0000000,6.9612800,0.0906600
7.0000000,14.0000000,1.0000000,0.0000000,0.0000000,7.2420900,0.0824200
8.0000000,14.0000000,1.0000000,0.0000000,0.0000000,7.0386700,0.0824200
1.0000000,15.0000000,0.0000000,0.0000000,1.0000000,0.0000000,1.0000000
2.0000000,15.0000000,0.0000000,0.0000000,1.0000000,0.0000000,1.0000000
3.0000000,15.0000000,0.9230800,0.0000000,0.0769200,1.6345200,0.7307700
4.0000000,15.0000000,1.0000000,0.0000000,0.0000000,6.3956900,0.2512800
5.0000000,15.0000000,1.0000000,0.0000000,0.0000000,7.0110300,0.1538500
6.0000000,15.0000000,1.0000000,0.0000000,0.0000000,7.3463100,0.1076900
7.0000000,15.0000000,1.0000000,0.0000000,0.0000000,7.3911300,0.0948700
8.0000000,15.0000000,1.0000000,0.0000000,0.0000000,7.2271800,0.0846200
1.0000000,16.0000000,0.0000000,0.0000000,1.0000000,0.0000000,1.0000000
2.0000000,16.0000000,0.0000000,0.0000000,1.0000000,0.0000000,1.0000000
3.0000000,16.0000000,0.6153800,0.0000000,0.3846200,1.0171200,0.8341300
4.0000000,16.0000000,1.0000000,0.0000000,0.0000000,7.6493700,0.1562500
5.0000000,16.0000000,1.0000000,0.0000000,0.0000000,7.7922700,0.1129800
6.0000000,16.0000000,1.0000000,0.0000000,0.0000000,7.5334400,0.1009600
7.0000000,16.0000000,1.0000000,0.0000000,0.0000000,8.0815200,0.1033700
8.0000000,16.0000000,1.0000000,0.0000000,0.0000000,7.9775200,0.0961500
1.0000000,17.0000000,0.0000000,0.0000000,1.0000000,0.0000000,1.0000000
2.0000000,17.0000000,0.0000000,0.0000000,1.0000000,0.0000000,1.0000000
3.0000000,17.0000000,0.5769200,0.0000000,0.4230800,0.4789400,0.9366500
4.0000000,17.0000000,1.0000000,0.0000000,0.0000000,4.2871200,0.6040700
5.0000000,17.0000000,1.0000000,0.0000000,0.0000000,5.3011000,0.3823500
6.0000000,17.0000000,1.0000000,0.0000000,0.0000000,6.3141500,0.2239800
7.0000000,17.0000000,1.0000000,0.0000000,0.0000000,6.6199100,0.1063300
8.0000000,17.0000000,1.0000000,0.0000000,0.0000000,6.8668000,0.0859700
1.0000000,18.0000000,0.0000000,0.0000000,1.0000000,0.0000000,1.0000000
2.0000000,18.0000000,0.0000000,0.0000000,1.0000000,0.0000000,1.0000000
3.0000000,18.0000000,0.7692300,0.0000000,0.2307700,0.6336300,0.9081200
4.0000000,18.0000000,1.0000000,0.0000000,0.0000000,5.1283600,0.5085500
5.0000000,18.0000000,1.0000000,0.0000000,0.0000000,5.9844500,0.3354700
6.0000000,18.0000000,1.0000000,0.0000000,0.0000000,6.7197400,0.1752200
7.0000000,18.0000000,1.0000000,0.0000000,0.0000000,6.7683400,0.1239300
8.0000000,18.0000000,1.0000000,0.0000000,0.0000000,7.8020700,0.0619700
1.0000000,19.0000000,0.0000000,0.0000000,1.0000000,0.0000000,1.0000000
2.0000000,19.0000000,0.0000000,0.0000000,1.0000000,0.0000000,1.0000000
3.0000000,19.0000000,0.5769200,0.0000000,0.4230800,0.4597600,0.9332000
4.0000000,19.0000000,1.0000000,0.0000000,0.0000000,5.7359100,0.4129600
5.0000000,19.0000000,1.0000000,0.0000000,0.0000000,7.3124700,0.2186200
6.0000000,19.0000000,1.0000000,0.0000000,0.0000000,7.2559800,0.1376500
7.0000000,19.0000000,1.0000000,0.0000000,0.0000000,7.6331000,0.0971600
8.0000000,19.0000000,1.0000000,0.0000000,0.0000000,8.1909000,0.0769200
1.0000000,20.0000000,0.0000000,0.0000000,1.0000000,0.0000000,1.0000000
2.0000000,20.0000000,0.0000000,0.0000000,1.0000000,0.0000000,1.0000000
3.0000000,20.0000000,0.6153800,0.0000000,0.3846200,0.4442700,0.9307700
4.0000000,20.0000000,1.0000000,0.0000000,0.0000000,4.3581000,0.4115400
5.0000000,20.0000000,1.0000000,0.0000000,0.0000000,8.2815900,0.1288500
6.0000000,20.0000000,1.0000000,0.0000000,0.0000000,8.4360000,0.0826900
7.0000000,20.0000000,1.0000000,0.0000000,0.0000000,7.9904300,0.0865400
8.0000000,20.0000000,1.0000000,0.0000000,0.0000000,8.1683100,0.1000000
1.0000000,21.0000000,0.0000000,0.0000000,1.0000000,0.0000000,1.0000000
2.0000000,21.0000000,0.0000000,0.0000000,1.0000000,0.0000000,1.0000000
3.0000000,21.0000000,0.2692300,0.0000000,0.7307700,0.1917000,0.9743600
4.0000000,21.0000000,1.0000000,0.0000000,0.0000000,4.6928800,0.6227100
5.0000000,21.0000000,1.0000000,0.0000000,0.0000000,5.4893100,0.4945100
6.0000000,21.0000000,1.0000000,0.0000000,0.0000000,5.6165700,0.3791200
7.0000000,21.0000000,1.0000000,0.0000000,0.0000000,6.7846500,0.2454200
8.0000000,21.0000000,1.0000000,0.0000000,0.0000000,7.3184200,0.1428600
1.0000000,22.0000000,0.0000000,0.0000000,1.0000000,0.0000000,1.0000000
2.0000000,22.0000000,0.0000000,0.0000000,1.0000000,0.0000000,1.0000000
3.0000000,22.0000000,0.1923100,0.0000000,0.8076900,0.1297200,0.9825200
4.0000000,22.0000000,1.0000000,0.0000000,0.0000000,4.9441500,0.5926600
5.0000000,22.0000000,1.0000000,0.0000000,0.0000000,5.7166300,0.4160800
6.0000000,22.0000000,1.0000000,0.0000000,0.0000000,6.8586900,0.2972000
7.0000000,22.0000000,1.0000000,0.0000000,0.0000000,7.4884100,0.1923100
8.0000000,22.0000000,1.0000000,0.0000000,0.0000000,7.9063000,0.1083900
1.0000000,23.0000000,0.0000000,0.0000000,1.0000000,0.0000000,1.0000000
2.0000000,23.0000000,0.0000000,0.0000000,1.0000000,0.0000000,1.0000000
3.0000000,23.0000000,0.1923100,0.0000000,0.8076900,0.1234100,0.9832800
4.0000000,23.0000000,1.0000000,0.0000000,0.0000000,2.6850600,0.7474900
5.0000000,23.0000000,1.0000000,0.0000000,0.0000000,7.1194400,0.3277600
6.0000000,23.0000000,1.0000000,0.0000000,0.0000000,7.4004300,0.2173900
7.0000000,23.0000000,1.0000000,0.0000000,0.0000000,7.7237400,0.1505000
8.0000000,23.0000000,1.0000000,0.0000000,0.0000000,8.1799300,0.1170600
1.0000000,24.0000000,0.0000000,0.0000000,1.0000000,0.0000000,1.0000000
2.0000000,24.0000000,0.0000000,0.0000000,1.0000000,0.0000000,1.0000000
3.0000000,24.0000000,0.1923100,0.0000000,0.8076900,0.1234100,0.9839800
4.0000000,24.0000000,1.0000000,0.0000000,0.0000000,1.8644200,0.7291700
5.0000000,24.0000000,1.0000000,0.0000000,0.0000000,6.1703700,0.3076900
6.0000000,24.0000000,1.0000000,0.0000000,0.0000000,8.6860500,0.1201900
7.0000000,24.0000000,1.0000000,0.0000000,0.0000000,8.7464600,0.0961500
8.0000000,24.0000000,1.0000000,0.0000000,0.0000000,8.7864300,0.0753200
1.0000000,25.0000000,0.0000000,0.0000000,1.0000000,0.0000000,1.0000000
2.0000000,25.0000000,0.0000000,0.0000000,1.0000000,0.0000000,1.0000000
3.0000000,25.0000000,0.0000000,0.0000000,1.0000000,0.0000000,1.0000000
4.0000000,25.0000000,1.0000000,0.0000000,0.0000000,3.7925500,0.7369200
5.0000000,25.0000000,1.0000000,0.0000000,0.0000000,5.8706600,0.5246200
6.0000000,25.0000000,1.0000000,0.0000000,0.0000000,6.0125900,0.4600000
7.0000000,25.0000000,1.0000000,0.0000000,0.0000000,6.9627700,0.3538500
8.0000000,25.0000000,1.0000000,0.0000000,0.0000000,7.8606000,0.2200000
1.0000000,26.0000000,0.0000000,0.0000000,1.0000000,0.0000000,1.0000000
2.0000000,26.0000000,0.0000000,0.0000000,1.0000000,0.0000000,1.0000000
3.0000000,26.0000000,0.0000000,0.0000000,1.0000000,0.0000000,1.0000000
4.0000000,26.0000000,1.0000000,0.0000000,0.0000000,2.5448500,0.8047300
5.0000000,26.0000000,1.0000000,0.0000000,0.0000000,5.5835300,0.5340200
6.0000000,26.0000000,1.0000000,0.0000000,0.0000000,7.1408400,0.3387600
7.0000000,26.0000000,1.0000000,0.0000000,0.0000000,7.5658200,0.3150900
8.0000000,26.0000000,1.0000000,0.0000000,0.0000000,8.0420400,0.1804700
1.0000000,27.0000000,0.0000000,0.0000000,1.0000000,0.0000000,1.0000000
2.0000000,27.0000000,0.0000000,0.0000000,1.0000000,0.0000000,1.0000000
3.0000000,27.0000000,0.0000000,0.0000000,1.0000000,0.0000000,1.0000000
4.0000000,27.0000000,0.9615400,0.0000000,0.0384600,1.8969100,0.8447300
5.0000000,27.0000000,1.0000000,0.0000000,0.0000000,4.8781700,0.5341900
6.0000000,27.0000000,1.0000000,0.0000000,0.0000000,7.9317500,0.2606800
7.0000000,27.0000000,1.0000000,0.0000000,0.0000000,8.6017100,0.2193700
8.0000000,27.0000000,1.0000000,0.0000000,0.0000000,8.6898000,0.1595400
1.0000000,28.0000000,0.0000000,0.0000000,1.0000000,0.0000000,1.0000000
2.0000000,28.0000000,0.0000000,0.0000000,1.0000000,0.0000000,1.0000000
3.0000000,28.0000000,0.0000000,0.0000000,1.0000000,0.0000000,1.0000000
4.0000000,28.0000000,0.7692300,0.0000000,0.2307700,0.8030200,0.8818700
5.0000000,28.0000000,1.0000000,0.0000000,0.0000000,4.7872000,0.4766500
6.0000000,28.0000000,1.0000000,0.0000000,0.0000000,7.5076500,0.2500000
7.0000000,28.0000000,1.0000000,0.0000000,0.0000000,9.7255700,0.1208800
8.0000000,28.0000000,1.0000000,0.0000000,0.0000000,9.5065000,0.0892800
1.0000000,29.0000000,0.0000000,0.0000000,1.0000000,0.0000000,1.0000000
2.0000000,29.0000000,0.0000000,0.0000000,1.0000000,0.0000000,1.0000000
3.0000000,29.0000000,0.0384600,0.0000000,0.9615400,0.0246800,0.9973500
4.0000000,29.0000000,1.0000000,0.0000000,0.0000000,1.9809800,0.8819600
5.0000000,29.0000000,1.0000000,0.0000000,0.0000000,6.0614200,0.5663100
6.0000000,29.0000000,1.0000000,0.0000000,0.0000000,5.9215700,0.5145900
7.0000000,29.0000000,1.0000000,0.0000000,0.0000000,7.3745900,0.3992000
8.0000000,29.0000000,1.0000000,0.0000000,0.0000000,7.7440400,0.3156500
1.0000000,30.0000000,0.0000000,0.0000000,1.0000000,0.0000000,1.0000000
2.0000000,30.0000000,0.0000000,0.0000000,1.0000000,0.0000000,1.0000000
3.0000000,30.0000000,0.0000000,0.0000000,1.0000000,0.0000000,1.0000000
4.0000000,30.0000000,1.0000000,0.0000000,0.0000000,1.8387900,0.8820500
5.0000000,30.0000000,1.0000000,0.0000000,0.0000000,3.4829600,0.7076900
6.0000000,30.0000000,1.0000000,0.0000000,0.0000000,7.7402400,0.3769200
7.0000000,30.0000000,1.0000000,0.0000000,0.0000000,7.5601500,0.3333300
8.0000000,30.0000000,1.0000000,0.0000000,0.0000000,8.0655400,0.2705100
1.0000000,31.0000000,0.0000000,0.0000000,1.0000000,0.0000000,1.0000000
2.0000000,31.0000000,0.0000000,0.0000000,1.0000000,0.0000000,1.0000000
3.0000000,31.0000000,0.0000000,0.0000000,1.0000000,0.0000000,1.0000000
4.0000000,31.0000000,1.0000000,0.0000000,0.0000000,1.1049200,0.9342400
5.0000000,31.0000000,1.0000000,0.0000000,0.0000000,3.6233200,0.6650100
6.0000000,31.0000000,1.0000000,0.0000000,0.0000000,5.4798200,0.4764300
7.0000000,31.0000000,1.0000000,0.0000000,0.0000000,9.1704300,0.2258100
8.0000000,31.0000000,1.0000000,0.0000000,0.0000000,8.8314300,0.1923100
1.0000000,32.0000000,0.0000000,0.0000000,1.0000000,0.0000000,1.0000000
2.0000000,32.0000000,0.0000000,0.0000000,1.0000000,0.0000000,1.0000000
3.0000000,32.0000000,0.0000000,0.0000000,1.0000000,0.0000000,1.0000000
4.0000000,32.0000000,0.2692300,0.0000000,0.7307700,0.2002600,0.9699500
5.0000000,32.0000000,0.9615400,0.0000000,0.0384600,3.0273400,0.6826900
6.0000000,32.0000000,1.0000000,0.0000000,0.0000000,6.3443500,0.4038500
7.0000000,32.0000000,1.0000000,0.0000000,0.0000000,8.2547100,0.2175500
8.0000000,32.0000000,1.0000000,0.0000000,0.0000000,10.9970600,0.0961500
1.0000000,33.0000000,0.0000000,0.0000000,1.0000000,0.0000000,1.0000000
2.0000000,33.0000000,0.0000000,0.0000000,1.0000000,0.0000000,1.0000000
3.0000000,33.0000000,0.0000000,0.0000000,1.0000000,0.0000000,1.0000000
4.0000000,33.0000000,1.0000000,0.0000000,0.0000000,1.4522500,0.9125900
5.0000000,33.0000000,1.0000000,0.0000000,0.0000000,2.7441800,0.8251700
6.0000000,33.0000000,1.0000000,0.0000000,0.0000000,6.7547700,0.5512800
7.0000000,33.0000000,1.0000000,0.0000000,0.0000000,8.3246500,0.3951000
8.0000000,33.0000000,1.0000000,0.0000000,0.0000000,8.1150100,0.3601400
1.0000000,34.0000000,0.0000000,0.0000000,1.0000000,0.0000000,1.0000000
2.0000000,34.0000000,0.0000000,0.0000000,1.0000000,0.0000000,1.0000000
3.0000000,34.0000000,0.0000000,0.0000000,1.0000000,0.0000000,1.0000000
4.0000000,34.0000000,0.9230800,0.0000000,0.0769200,0.8322600,0.9604100
5.0000000,34.0000000,1.0000000,0.0000000,0.0000000,2.7046100,0.8144800
6.0000000,34.0000000,1.0000000,0.0000000,0.0000000,5.1034000,0.5984200
7.0000000,34.0000000,1.0000000,0.0000000,0.0000000,8.0971300,0.3902700
8.0000000,34.0000000,1.0000000,0.0000000,0.0000000,8.7308700,0.3076900
1.0000000,35.0000000,0.0000000,0.0000000,1.0000000,0.0000000,1.0000000
2.0000000,35.0000000,0.0000000,0.0000000,1.0000000,0.0000000,1.0000000
3.0000000,35.0000000,0.0000000,0.0000000,1.0000000,0.0000000,1.0000000
4.0000000,35.0000000,0.9615400,0.0000000,0.0384600,0.8711500,0.9637400
5.0000000,35.0000000,1.0000000,0.0000000,0.0000000,2.4660200,0.8065900
6.0000000,35.0000000,1.0000000,0.0000000,0.0000000,4.9693400,0.5780200
7.0000000,35.0000000,1.0000000,0.0000000,0.0000000,6.6971800,0.4011000
8.0000000,35.0000000,1.0000000,0.0000000,0.0000000,9.4126200,0.2373600
1.0000000,36.0000000,0.0000000,0.0000000,1.0000000,0.0000000,1.0000000
2.0000000,36.0000000,0.0000000,0.0000000,1.0000000,0.0000000,1.0000000
3.0000000,36.0000000,0.0000000,0.0000000,1.0000000,0.0000000,1.0000000
4.0000000,36.0000000,0.0000000,0.0000000,1.0000000,0.0000000,1.0000000
5.0000000,36.0000000,0.8846200,0.0000000,0.1153800,1.5423700,0.8098300
6.0000000,36.0000000,1.0000000,0.0000000,0.0000000,4.1977100,0.5982900
7.0000000,36.0000000,1.0000000,0.0000000,0.0000000,7.8125000,0.3429500
8.0000000,36.0000000,1.0000000,0.0000000,0.0000000,9.0510000,0.2062000
1.0000000,37.0000000,0.0000000,0.0000000,1.0000000,0.0000000,1.0000000
2.0000000,37.0000000,0.0000000,0.0000000,1.0000000,0.0000000,1.0000000
3.0000000,37.0000000,0.0000000,0.0000000,1.0000000,0.0000000,1.0000000
4.0000000,37.0000000,0.7692300,0.0000000,0.2307700,0.9006600,0.9490600
5.0000000,37.0000000,1.0000000,0.0000000,0.0000000,2.3514600,0.8669400
6.0000000,37.0000000,1.0000000,0.0000000,0.0000000,4.5552900,0.6923100
7.0000000,37.0000000,1.0000000,0.0000000,0.0000000,8.1074500,0.4594600
8.0000000,37.0000000,1.0000000,0.0000000,0.0000000,7.9546400,0.4095600
1.0000000,38.0000000,0.0000000,0.0000000,1.0000000,0.0000000,1.0000000
2.0000000,38.0000000,0.0000000,0.0000000,1.0000000,0.0000000,1.0000000
3.0000000,38.0000000,0.0000000,0.0000000,1.0000000,0.0000000,1.0000000
4.0000000,38.0000000,0.7692300,0.0000000,0.2307700,0.6419100,0.9757100
5.0000000,38.0000000,0.9230800,0.0000000,0.0769200,1.6091600,0.9018200
6.0000000,38.0000000,1.0000000,0.0000000,0.0000000,4.0139300,0.7277300
7.0000000,38.0000000,1.0000000,0.0000000,0.0000000,6.7114200,0.5121400
8.0000000,38.0000000,1.0000000,0.0000000,0.0000000,8.7916500,0.3694300
1.0000000,39.0000000,0.0000000,0.0000000,1.0000000,0.0000000,1.0000000
2.0000000,39.0000000,0.0000000,0.0000000,1.0000000,0.0000000,1.0000000
3.0000000,39.0000000,0.0000000,0.0000000,1.0000000,0.0000000,1.0000000
4.0000000,39.0000000,0.7692300,0.0000000,0.2307700,0.6888200,0.9733700
5.0000000,39.0000000,0.9615400,0.0000000,0.0384600,1.4622300,0.9043400
6.0000000,39.0000000,0.9615400,0.0000000,0.0384600,3.4119900,0.7366900
7.0000000,39.0000000,1.0000000,0.0000000,0.0000000,6.4691000,0.5029600
8.0000000,39.0000000,1.0000000,0.0000000,0.0000000,7.3610700,0.3925100
1.0000000,40.0000000,0.0000000,0.0000000,1.0000000,0.0000000,1.0000000
2.0000000,40.0000000,0.0000000,0.0000000,1.0000000,0.0000000,1.0000000
3.0000000,40.0000000,0.0000000,0.0000000,1.0000000,0.0000000,1.0000000
4.0000000,40.0000000,0.0384600,0.0000000,0.9615400,0.0304200,0.9961500
5.0000000,40.0000000,0.4230800,0.0000000,0.5769200,0.3416300,0.9538500
6.0000000,40.0000000,1.0000000,0.0000000,0.0000000,3.0024600,0.7230800
7.0000000,40.0000000,1.0000000,0.0000000,0.0000000,6.6958500,0.4740400
8.0000000,40.0000000,1.0000000,0.0000000,0.0000000,8.2711400,0.3384600
1.0000000,41.0000000,0.0000000,0.0000000,1.0000000,0.0000000,1.0000000
2.0000000,41.0000000,0.0000000,0.0000000,1.0000000,0.0000000,1.0000000
3.0000000,41.0000000,0.0000000,0.0000000,1.0000000,0.0000000,1.0000000
4.0000000,41.0000000,0.6923100,0.0000000,0.3076900,0.5654000,0.9784200
5.0000000,41.0000000,0.9230800,0.0000000,0.0769200,1.8668500,0.8958700
6.0000000,41.0000000,0.9615400,0.0000000,0.0384600,3.9624000,0.7551600
7.0000000,41.0000000,1.0000000,0.0000000,0.0000000,5.5600400,0.6191400
8.0000000,41.0000000,1.0000000,0.0000000,0.0000000,9.1547100,0.4071300
1.0000000,42.0000000,0.0000000,0.0000000,1.0000000,0.0000000,1.0000000
2.0000000,42.0000000,0.0000000,0.0000000,1.0000000,0.0000000,1.0000000
3.0000000,42.0000000,0.0000000,0.0000000,1.0000000,0.0000000,1.0000000
4.0000000,42.0000000,0.5000000,0.0000000,0.5000000,0.3974700,0.9880900
5.0000000,42.0000000,0.9230800,0.0000000,0.0769200,1.3879900,0.9203300
6.0000000,42.0000000,1.0000000,0.0000000,0.0000000,4.2638000,0.7289400
7.0000000,42.0000000,1.0000000,0.0000000,0.0000000,5.5664900,0.6153900
8.0000000,42.0000000,1.0000000,0.0000000,0.0000000,7.1795800,0.5018300
1.0000000,43.0000000,0.0000000,0.0000000,1.0000000,0.0000000,1.0000000
2.0000000,43.0000000,0.0000000,0.0000000,1.0000000,0.0000000,1.0000000
3.0000000,43.0000000,0.0000000,0.0000000,1.0000000,0.0000000,1.0000000
4.0000000,43.0000000,0.2692300,0.0000000,0.7307700,0.2140200,0.9937400
5.0000000,43.0000000,0.8076900,0.0000000,0.1923100,1.1509300,0.9356000
6.0000000,43.0000000,0.9230800,0.0000000,0.0769200,2.7590800,0.8059000
7.0000000,43.0000000,1.0000000,0.0000000,0.0000000,5.1492200,0.6144900
8.0000000,43.0000000,1.0000000,0.0000000,0.0000000,6.8148700,0.4794300
1.0000000,44.0000000,0.0000000,0.0000000,1.0000000,0.0000000,1.0000000
2.0000000,44.0000000,0.0000000,0.0000000,1.0000000,0.0000000,1.0000000
3.0000000,44.0000000,0.0000000,0.0000000,1.0000000,0.0000000,1.0000000
4.0000000,44.0000000,0.0000000,0.0000000,1.0000000,0.0000000,1.0000000
5.0000000,44.0000000,0.4230800,0.0000000,0.5769200,1.0710900,0.9047200
6.0000000,44.0000000,0.8461500,0.0000000,0.1538500,1.6991300,0.8234300
7.0000000,44.0000000,1.0000000,0.0000000,0.0000000,5.4011400,0.6127600
8.0000000,44.0000000,1.0000000,0.0000000,0.0000000,7.2750400,0.4475500
1.0000000,45.0000000,0.0000000,0.0000000,1.0000000,0.0000000,1.0000000
2.0000000,45.0000000,0.0000000,0.0000000,1.0000000,0.0000000,1.0000000
3.0000000,45.0000000,0.0000000,0.0000000,1.0000000,0.0000000,1.0000000
4.0000000,45.0000000,0.3076900,0.0000000,0.6923100,0.2751700,0.9923100
5.0000000,45.0000000,0.9230800,0.0000000,0.0769200,1.5430400,0.9205100
6.0000000,45.0000000,1.0000000,0.0000000,0.0000000,3.3210300,0.7948700
7.0000000,45.0000000,1.0000000,0.0000000,0.0000000,5.1456000,0.6846200
8.0000000,45.0000000,1.0000000,0.0000000,0.0000000,6.7772700,0.5726500
1.0000000,46.0000000,0.0000000,0.0000000,1.0000000,0.0000000,1.0000000
2.0000000,46.0000000,0.0000000,0.0000000,1.0000000,0.0000000,1.0000000
3.0000000,46.0000000,0.0000000,0.0000000,1.0000000,0.0000000,1.0000000
4.0000000,46.0000000,0.3076900,0.0000000,0.6923100,0.2446000,0.9933100
5.0000000,46.0000000,0.8461500,0.0000000,0.1538500,1.2075600,0.9372900
6.0000000,46.0000000,0.9615400,0.0000000,0.0384600,2.6543400,0.8369600
7.0000000,46.0000000,1.0000000,0.0000000,0.0000000,4.8035200,0.7015100
8.0000000,46.0000000,1.0000000,0.0000000,0.0000000,6.2155100,0.5836100
1.0000000,47.0000000,0.0000000,0.0000000,1.0000000,0.0000000,1.0000000
2.0000000,47.0000000,0.0000000,0.0000000,1.0000000,0.0000000,1.0000000
3.0000000,47.0000000,0.0000000,0.0000000,1.0000000,0.0000000,1.0000000
4.0000000,47.0000000,0.1538500,0.0000000,0.8461500,0.1223000,0.9967300
5.0000000,47.0000000,0.6538500,0.0000000,0.3461500,0.8402500,0.9541700
6.0000000,47.0000000,0.8461500,0.0000000,0.1538500,1.5490400,0.9018000
7.0000000,47.0000000,1.0000000,0.0000000,0.0000000,5.0652900,0.6636600
8.0000000,47.0000000,1.0000000,0.0000000,0.0000000,6.6635100,0.5531900
1.0000000,48.0000000,0.0000000,0.0000000,1.0000000,0.0000000,1.0000000
2.0000000,48.0000000,0.0000000,0.0000000,1.0000000,0.0000000,1.0000000
3.0000000,48.0000000,0.0000000,0.0000000,1.0000000,0.0000000,1.0000000
4.0000000,48.0000000,0.0000000,0.0000000,1.0000000,0.0000000,1.0000000
5.0000000,48.0000000,0.1153800,0.0000000,0.8846200,0.2758700,0.9791700
6.0000000,48.0000000,0.5769200,0.0000000,0.4230800,1.0225200,0.8910300
7.0000000,48.0000000,1.0000000,0.0000000,0.0000000,3.7656500,0.7091300
8.0000000,48.0000000,1.0000000,0.0000000,0.0000000,6.2947300,0.5584900
1.0000000,49.0000000,0.0000000,0.0000000,1.0000000,0.0000000,1.0000000
2.0000000,49.0000000,0.0000000,0.0000000,1.0000000,0.0000000,1.0000000
3.0000000,49.0000000,0.0000000,0.0000000,1.0000000,0.0000000,1.0000000
4.0000000,49.0000000,0.2307700,0.0000000,0.7692300,0.1834500,0.9952900
5.0000000,49.0000000,0.8076900,0.0000000,0.1923100,1.0868400,0.9513300
6.0000000,49.0000000,0.8846200,0.0000000,0.1153800,2.8534200,0.8602800
7.0000000,49.0000000,1.0000000,0.0000000,0.0000000,3.6537200,0.7951300
8.0000000,49.0000000,1.0000000,0.0000000,0.0000000,5.8991600,0.6452100
1.0000000,50.0000000,0.0000000,0.0000000,1.0000000,0.0000000,1.0000000
2.0000000,50.0000000,0.0000000,0.0000000,1.0000000,0.0000000,1.0000000
3.0000000,50.0000000,0.0000000,0.0000000,1.0000000,0.0000000,1.0000000
4.0000000,50.0000000,0.2307700,0.0000000,0.7692300,0.1834500,0.9953800
5.0000000,50.0000000,0.4230800,0.0000000,0.5769200,0.5662100,0.9723100
6.0000000,50.0000000,0.9230800,0.0000000,0.0769200,2.1128300,0.8984600
7.0000000,50.0000000,0.9615400,0.0000000,0.0384600,3.4029400,0.7961500
8.0000000,50.0000000,1.0000000,0.0000000,0.0000000,6.2331000,0.6123100
1.0000000,51.0000000,0.0000000,0.0000000,1.0000000,0.0000000,1.0000000
2.0000000,51.0000000,0.0000000,0.0000000,1.0000000,0.0000000,1.0000000
3.0000000,51.0000000,0.0000000,0.0000000,1.0000000,0.0000000,1.0000000
4.0000000,51.0000000,0.0384600,0.0000000,0.9615400,0.0305700,0.9992500
5.0000000,51.0000000,0.3846200,0.0000000,0.6153800,0.3989500,0.9811500
6.0000000,51.0000000,0.8076900,0.0000000,0.1923100,1.4670900,0.9132700
7.0000000,51.0000000,1.0000000,0.0000000,0.0000000,3.6409700,0.7699900
8.0000000,51.0000000,1.0000000,0.0000000,0.0000000,6.3603200,0.6063400
1.0000000,52.0000000,0.0000000,0.0000000,1.0000000,0.0000000,1.0000000
2.0000000,52.0000000,0.0000000,0.0000000,1.0000000,0.0000000,1.0000000
3.0000000,52.0000000,0.0000000,0.0000000,1.0000000,0.0000000,1.0000000
4.0000000,52.0000000,0.0000000,0.0000000,1.0000000,0.0000000,1.0000000
5.0000000,52.0000000,0.0384600,0.0000000,0.9615400,0.0219000,0.9970400
6.0000000,52.0000000,0.4230800,0.0000000,0.5769200,0.8744300,0.9186400
7.0000000,52.0000000,0.9230800,0.0000000,0.0769200,3.2634700,0.7574000
8.0000000,52.0000000,1.0000000,0.0000000,0.0000000,5.6731900,0.6242600
1.0000000,53.0000000,0.0000000,0.0000000,1.0000000,0.0000000,1.0000000
2.0000000,53.0000000,0.0000000,0.0000000,1.0000000,0.0000000,1.0000000
3.0000000,53.0000000,0.0000000,0.0000000,1.0000000,0.0000000,1.0000000
4.0000000,53.0000000,0.0769200,0.0000000,0.9230800,0.0611500,0.9985500
5.0000000,53.0000000,0.5000000,0.0000000,0.5000000,0.6689200,0.9789500
6.0000000,53.0000000,0.8461500,0.0000000,0.1538500,1.8820100,0.9172700
7.0000000,53.0000000,1.0000000,0.0000000,0.0000000,4.4385700,0.7728600
8.0000000,53.0000000,1.0000000,0.0000000,0.0000000,6.4845000,0.6480400
1.0000000,54.0000000,0.0000000,0.0000000,1.0000000,0.0000000,1.0000000
2.0000000,54.0000000,0.0000000,0.0000000,1.0000000,0.0000000,1.0000000
3.0000000,54.0000000,0.0000000,0.0000000,1.0000000,0.0000000,1.0000000
4.0000000,54.0000000,0.0000000,0.0000000,1.0000000,0.0000000,1.0000000
5.0000000,54.0000000,0.3076900,0.0000000,0.6923100,0.3655300,0.9864700
6.0000000,54.0000000,0.8461500,0.0000000,0.1538500,1.3051100,0.9430200
7.0000000,54.0000000,0.9615400,0.0000000,0.0384600,4.1182700,0.7813400
8.0000000,54.0000000,1.0000000,0.0000000,0.0000000,5.4857900,0.6980100
1.0000000,55.0000000,0.0000000,0.0000000,1.0000000,0.0000000,1.0000000
2.0000000,55.0000000,0.0000000,0.0000000,1.0000000,0.0000000,1.0000000
3.0000000,55.0000000,0.0000000,0.0000000,1.0000000,0.0000000,1.0000000
4.0000000,55.0000000,0.1538500,0.0000000,0.8461500,0.1223000,0.9972000
5.0000000,55.0000000,0.1153800,0.0000000,0.8846200,0.0917200,0.9979000
6.0000000,55.0000000,0.8846200,0.0000000,0.1153800,1.8319000,0.8979000
7.0000000,55.0000000,0.8461500,0.0000000,0.1538500,2.0090100,0.8678300
8.0000000,55.0000000,1.0000000,0.0000000,0.0000000,5.5137800,0.6727300
1.0000000,56.0000000,0.0000000,0.0000000,1.0000000,0.0000000,1.0000000
2.0000000,56.0000000,0.0000000,0.0000000,1.0000000,0.0000000,1.0000000
3.0000000,56.0000000,0.0000000,0.0000000,1.0000000,0.0000000,1.0000000
4.0000000,56.0000000,0.0000000,0.0000000,1.0000000,0.0000000,1.0000000
5.0000000,56.0000000,0.1153800,0.0000000,0.8846200,0.1479200,0.9848900
6.0000000,56.0000000,0.3076900,0.0000000,0.6923100,0.7601000,0.9388700
7.0000000,56.0000000,0.7692300,0.0000000,0.2307700,2.5091900,0.8234900
8.0000000,56.0000000,1.0000000,0.0000000,0.0000000,4.1334600,0.7321400
1.0000000,57.0000000,0.0000000,0.0000000,1.0000000,0.0000000,1.0000000
2.0000000,57.0000000,0.0000000,0.0000000,1.0000000,0.0000000,1.0000000
3.0000000,57.0000000,0.0000000,0.0000000,1.0000000,0.0000000,1.0000000
4.0000000,57.0000000,0.0769200,0.0000000,0.9230800,0.0611500,0.9986500
5.0000000,57.0000000,0.4615400,0.0000000,0.5384600,0.4870600,0.9797600
6.0000000,57.0000000,0.5769200,0.0000000,0.4230800,1.4679400,0.9419700
7.0000000,57.0000000,0.9615400,0.0000000,0.0384600,3.1433300,0.8380600
8.0000000,57.0000000,1.0000000,0.0000000,0.0000000,6.4011700,0.6855600
1.0000000,58.0000000,0.0000000,0.0000000,1.0000000,0.0000000,1.0000000
2.0000000,58.0000000,0.0000000,0.0000000,1.0000000,0.0000000,1.0000000
3.0000000,58.0000000,0.0000000,0.0000000,1.0000000,0.0000000,1.0000000
4.0000000,58.0000000,0.0769200,0.0000000,0.9230800,0.0611500,0.9986700
5.0000000,58.0000000,0.1538500,0.0000000,0.8461500,0.1223000,0.9973500
6.0000000,58.0000000,0.6538500,0.0000000,0.3461500,0.9610000,0.9555700
7.0000000,58.0000000,1.0000000,0.0000000,0.0000000,3.6306400,0.8189700
8.0000000,58.0000000,1.0000000,0.0000000,0.0000000,5.0788200,0.7234800
1.0000000,59.0000000,0.0000000,0.0000000,1.0000000,0.0000000,1.0000000
2.0000000,59.0000000,0.0000000,0.0000000,1.0000000,0.0000000,1.0000000
3.0000000,59.0000000,0.0000000,0.0000000,1.0000000,0.0000000,1.0000000
4.0000000,59.0000000,0.1153800,0.0000000,0.8846200,0.0917200,0.9980400
5.0000000,59.0000000,0.2307700,0.0000000,0.7692300,0.2914700,0.9876100
6.0000000,59.0000000,0.5769200,0.0000000,0.4230800,1.1166900,0.9498000
7.0000000,59.0000000,0.9615400,0.0000000,0.0384600,2.3778200,0.8794000
8.0000000,59.0000000,1.0000000,0.0000000,0.0000000,4.6480800,0.7438100
1.0000000,60.0000000,0.0000000,0.0000000,1.0000000,0.0000000,1.0000000
2.0000000,60.0000000,0.0000000,0.0000000,1.0000000,0.0000000,1.0000000
3.0000000,60.0000000,0.0000000,0.0000000,1.0000000,0.0000000,1.0000000
4.0000000,60.0000000,0.0000000,0.0000000,1.0000000,0.0000000,1.0000000
5.0000000,60.0000000,0.0769200,0.0000000,0.9230800,0.2944200,0.9807700
6.0000000,60.0000000,0.1923100,0.0000000,0.8076900,0.3125600,0.9756400
7.0000000,60.0000000,0.3846200,0.0000000,0.6153800,0.9244600,0.9333300
8.0000000,60.0000000,0.8846200,0.0000000,0.1153800,3.1555500,0.7935900
1.0000000,61.0000000,0.0000000,0.0000000,1.0000000,0.0000000,1.0000000
2.0000000,61.0000000,0.0000000,0.0000000,1.0000000,0.0000000,1.0000000
3.0000000,61.0000000,0.0000000,0.0000000,1.0000000,0.0000000,1.0000000
4.0000000,61.0000000,0.0769200,0.0000000,0.9230800,0.0611500,0.9987400
5.0000000,61.0000000,0.1923100,0.0000000,0.8076900,0.1995000,0.9918000
6.0000000,61.0000000,0.6538500,0.0000000,0.3461500,1.6974400,0.9312700
7.0000000,61.0000000,0.8846200,0.0000000,0.1153800,2.2463700,0.8884000
8.0000000,61.0000000,1.0000000,0.0000000,0.0000000,5.7345800,0.7364400
1.0000000,62.0000000,0.0000000,0.0000000,1.0000000,0.0000000,1.0000000
2.0000000,62.0000000,0.0000000,0.0000000,1.0000000,0.0000000,1.0000000
3.0000000,62.0000000,0.0000000,0.0000000,1.0000000,0.0000000,1.0000000
4.0000000,62.0000000,0.0384600,0.0000000,0.9615400,0.0305700,0.9993800
5.0000000,62.0000000,0.2307700,0.0000000,0.7692300,0.1834500,0.9962800
6.0000000,62.0000000,0.5384600,0.0000000,0.4615400,0.9793100,0.9553300
7.0000000,62.0000000,0.8461500,0.0000000,0.1538500,2.3845200,0.8908200
8.0000000,62.0000000,1.0000000,0.0000000,0.0000000,4.4097700,0.7841200
1.0000000,63.0000000,0.0000000,0.0000000,1.0000000,0.0000000,1.0000000
2.0000000,63.0000000,0.0000000,0.0000000,1.0000000,0.0000000,1.0000000
3.0000000,63.0000000,0.0000000,0.0000000,1.0000000,0.0000000,1.0000000
4.0000000,63.0000000,0.0000000,0.0000000,1.0000000,0.0000000,1.0000000
5.0000000,63.0000000,0.0384600,0.0000000,0.9615400,0.0305700,0.9993900
6.0000000,63.0000000,0.3846200,0.0000000,0.6153800,0.6003200,0.9719200
7.0000000,63.0000000,0.6538500,0.0000000,0.3461500,1.5404000,0.9255200
8.0000000,63.0000000,0.8846200,0.0000000,0.1153800,3.6159400,0.8089100
1.0000000,64.0000000,0.0000000,0.0000000,1.0000000,0.0000000,1.0000000
2.0000000,64.0000000,0.0000000,0.0000000,1.0000000,0.0000000,1.0000000
3.0000000,64.0000000,0.0000000,0.0000000,1.0000000,0.0000000,1.0000000
4.0000000,64.0000000,0.0000000,0.0000000,1.0000000,0.0000000,1.0000000
5.0000000,64.0000000,0.0000000,0.0000000,1.0000000,0.0000000,1.0000000
6.0000000,64.0000000,0.1538500,0.0000000,0.8461500,0.5903400,0.9651400
7.0000000,64.0000000,0.3461500,0.0000000,0.6538500,0.8248800,0.9399000
8.0000000,64.0000000,0.6538500,0.0000000,0.3461500,2.6224400,0.8521600
1.0000000,65.0000000,0.0000000,0.0000000,1.0000000,0.0000000,1.0000000
2.0000000,65.0000000,0.0000000,0.0000000,1.0000000,0.0000000,1.0000000
3.0000000,65.0000000,0.0000000,0.0000000,1.0000000,0.0000000,1.0000000
4.0000000,65.0000000,0.0384600,0.0000000,0.9615400,0.0305700,0.9994100
5.0000000,65.0000000,0.0384600,0.0000000,0.9615400,0.0305700,0.9994100
6.0000000,65.0000000,0.3846200,0.0000000,0.6153800,0.9558800,0.9662700
7.0000000,65.0000000,0.7307700,0.0000000,0.2692300,2.2945600,0.9165700
8.0000000,65.0000000,1.0000000,0.0000000,0.0000000,4.5538900,0.7976300
1.0000000,66.0000000,0.0000000,0.0000000,1.0000000,0.0000000,1.0000000
2.0000000,66.0000000,0.0000000,0.0000000,1.0000000,0.0000000,1.0000000
3.0000000,66.0000000,0.0000000,0.0000000,1.0000000,0.0000000,1.0000000
4.0000000,66.0000000,0.0000000,0.0000000,1.0000000,0.0000000,1.0000000
5.0000000,66.0000000,0.1153800,0.0000000,0.8846200,0.2542100,0.9906800
6.0000000,66.0000000,0.2307700,0.0000000,0.7692300,0.1719900,0.9953400
7.0000000,66.0000000,0.8076900,0.0000000,0.1923100,1.8361000,0.9242400
8.0000000,66.0000000,1.0000000,0.0000000,0.0000000,4.9229900,0.7744800
1.0000000,67.0000000,0.0000000,0.0000000,1.0000000,0.0000000,1.0000000
2.0000000,67.0000000,0.0000000,0.0000000,1.0000000,0.0000000,1.0000000
3.0000000,67.0000000,0.0000000,0.0000000,1.0000000,0.0000000,1.0000000
4.0000000,67.0000000,0.0384600,0.0000000,0.9615400,0.0305700,0.9994300
5.0000000,67.0000000,0.0769200,0.0000000,0.9230800,0.1599700,0.9919600
6.0000000,67.0000000,0.2307700,0.0000000,0.7692300,0.2579600,0.9908100
7.0000000,67.0000000,0.6538500,0.0000000,0.3461500,1.1570400,0.9483300
8.0000000,67.0000000,0.9230800,0.0000000,0.0769200,3.3661000,0.8295100
1.0000000,68.0000000,0.0000000,0.0000000,1.0000000,0.0000000,1.0000000
2.0000000,68.0000000,0.0000000,0.0000000,1.0000000,0.0000000,1.0000000
3.0000000,68.0000000,0.0000000,0.0000000,1.0000000,0.0000000,1.0000000
4.0000000,68.0000000,0.0000000,0.0000000,1.0000000,0.0000000,1.0000000
5.0000000,68.0000000,0.0000000,0.0000000,1.0000000,0.0000000,1.0000000
6.0000000,68.0000000,0.1538500,0.0000000,0.8461500,0.1470000,0.9819000
7.0000000,68.0000000,0.1923100,0.0000000,0.8076900,0.3936600,0.9734200
8.0000000,68.0000000,0.8461500,0.0000000,0.1538500,2.9764100,0.8365400
1.0000000,69.0000000,0.0000000,0.0000000,1.0000000,0.0000000,1.0000000
2.0000000,69.0000000,0.0000000,0.0000000,1.0000000,0.0000000,1.0000000
3.0000000,69.0000000,0.0000000,0.0000000,1.0000000,0.0000000,1.0000000
4.0000000,69.0000000,0.0384600,0.0000000,0.9615400,0.0305700,0.9994400
5.0000000,69.0000000,0.0769200,0.0000000,0.9230800,0.1828100,0.9933100
6.0000000,69.0000000,0.0769200,0.0000000,0.9230800,0.0682800,0.9961000
7.0000000,69.0000000,0.7692300,0.0000000,0.2307700,2.3664000,0.9147200
8.0000000,69.0000000,0.8846200,0.0000000,0.1153800,4.0279900,0.8433700
1.0000000,70.0000000,0.0000000,0.0000000,1.0000000,0.0000000,1.0000000
2.0000000,70.0000000,0.0000000,0.0000000,1.0000000,0.0000000,1.0000000
3.0000000,70.0000000,0.0000000,0.0000000,1.0000000,0.0000000,1.0000000
4.0000000,70.0000000,0.0384600,0.0000000,0.9615400,0.0305700,0.9994500
5.0000000,70.0000000,0.0384600,0.0000000,0.9615400,0.0305700,0.9994500
6.0000000,70.0000000,0.1923100,0.0000000,0.8076900,0.3558700,0.9857100
7.0000000,70.0000000,0.5769200,0.0000000,0.4230800,1.9186000,0.9263700
8.0000000,70.0000000,0.9615400,0.0000000,0.0384600,3.2464200,0.8587900
1.0000000,71.0000000,0.0000000,0.0000000,1.0000000,0.0000000,1.0000000
2.0000000,71.0000000,0.0000000,0.0000000,1.0000000,0.0000000,1.0000000
3.0000000,71.0000000,0.0000000,0.0000000,1.0000000,0.0000000,1.0000000
4.0000000,71.0000000,0.0384600,0.0000000,0.9615400,0.0305700,0.9994600
5.0000000,71.0000000,0.0384600,0.0000000,0.9615400,0.0305700,0.9994600
6.0000000,71.0000000,0.1923100,0.0000000,0.8076900,0.4702900,0.9837500
7.0000000,71.0000000,0.4615400,0.0000000,0.5384600,0.9999500,0.9593700
8.0000000,71.0000000,0.8846200,0.0000000,0.1153800,2.4202300,0.8829900
1.0000000,72.0000000,0.0000000,0.0000000,1.0000000,0.0000000,1.0000000
2.0000000,72.0000000,0.0000000,0.0000000,1.0000000,0.0000000,1.0000000
3.0000000,72.0000000,0.0000000,0.0000000,1.0000000,0.0000000,1.0000000
4.0000000,72.0000000,0.0000000,0.0000000,1.0000000,0.0000000,1.0000000
5.0000000,72.0000000,0.0000000,0.0000000,1.0000000,0.0000000,1.0000000
6.0000000,72.0000000,0.1153800,0.0000000,0.8846200,0.2607600,0.9839700
7.0000000,72.0000000,0.2307700,0.0000000,0.7692300,0.4346800,0.9711500
8.0000000,72.0000000,0.6923100,0.0000000,0.3076900,2.4559500,0.8792700
1.0000000,73.0000000,0.0000000,0.0000000,1.0000000,0.0000000,1.0000000
2.0000000,73.0000000,0.0000000,0.0000000,1.0000000,0.0000000,1.0000000
3.0000000,73.0000000,0.0000000,0.0000000,1.0000000,0.0000000,1.0000000
4.0000000,73.0000000,0.0000000,0.0000000,1.0000000,0.0000000,1.0000000
5.0000000,73.0000000,0.0769200,0.0000000,0.9230800,0.0611500,0.9989500
6.0000000,73.0000000,0.2307700,0.0000000,0.7692300,0.7243100,0.9778700
7.0000000,73.0000000,0.5769200,0.0000000,0.4230800,1.3917400,0.9467900
8.0000000,73.0000000,0.8846200,0.0000000,0.1153800,3.9472700,0.8435200
1.0000000,74.0000000,0.0000000,0.0000000,1.0000000,0.0000000,1.0000000
2.0000000,74.0000000,0.0000000,0.0000000,1.0000000,0.0000000,1.0000000
3.0000000,74.0000000,0.0000000,0.0000000,1.0000000,0.0000000,1.0000000
4.0000000,74.0000000,0.0000000,0.0000000,1.0000000,0.0000000,1.0000000
5.0000000,74.0000000,0.0384600,0.0000000,0.9615400,0.0524800,0.9974000
6.0000000,74.0000000,0.0384600,0.0000000,0.9615400,0.0765400,0.9953200
7.0000000,74.0000000,0.5000000,0.0000000,0.5000000,0.9911100,0.9698600
8.0000000,74.0000000,0.8846200,0.0000000,0.1153800,3.0743200,0.8747400
1.0000000,75.0000000,0.0000000,0.0000000,1.0000000,0.0000000,1.0000000
2.0000000,75.0000000,0.0000000,0.0000000,1.0000000,0.0000000,1.0000000
3.0000000,75.0000000,0.0000000,0.0000000,1.0000000,0.0000000,1.0000000
4.0000000,75.0000000,0.0384600,0.0000000,0.9615400,0.0305700,0.9994900
5.0000000,75.0000000,0.0000000,0.0000000,1.0000000,0.0000000,1.0000000
6.0000000,75.0000000,0.1153800,0.0000000,0.8846200,0.1846700,0.9912800
7.0000000,75.0000000,0.3461500,0.0000000,0.6538500,0.5767500,0.9723100
8.0000000,75.0000000,0.8846200,0.0000000,0.1153800,2.9181200,0.8723100
1.0000000,76.0000000,0.0000000,0.0000000,1.0000000,0.0000000,1.0000000
2.0000000,76.0000000,0.0000000,0.0000000,1.0000000,0.0000000,1.0000000
3.0000000,76.0000000,0.0000000,0.0000000,1.0000000,0.0000000,1.0000000
4.0000000,76.0000000,0.0000000,0.0000000,1.0000000,0.0000000,1.0000000
5.0000000,76.0000000,0.0000000,0.0000000,1.0000000,0.0000000,1.0000000
6.0000000,76.0000000,0.0384600,0.0000000,0.9615400,0.0530200,0.9949400
7.0000000,76.0000000,0.1538500,0.0000000,0.8461500,0.2061400,0.9843100
8.0000000,76.0000000,0.4230800,0.0000000,0.5769200,1.4393200,0.9316800
1.0000000,77.0000000,0.0000000,0.0000000,1.0000000,0.0000000,1.0000000
2.0000000,77.0000000,0.0000000,0.0000000,1.0000000,0.0000000,1.0000000
3.0000000,77.0000000,0.0000000,0.0000000,1.0000000,0.0000000,1.0000000
4.0000000,77.0000000,0.0000000,0.0000000,1.0000000,0.0000000,1.0000000
5.0000000,77.0000000,0.0000000,0.0000000,1.0000000,0.0000000,1.0000000
6.0000000,77.0000000,0.2307700,0.0000000,0.7692300,0.3815700,0.9885100
7.0000000,77.0000000,0.6153800,0.0000000,0.3846200,1.6728600,0.9405600
8.0000000,77.0000000,0.8076900,0.0000000,0.1923100,3.4314700,0.8796200
1.0000000,78.0000000,0.0000000,0.0000000,1.0000000,0.0000000,1.0000000
2.0000000,78.0000000,0.0000000,0.0000000,1.0000000,0.0000000,1.0000000
3.0000000,78.0000000,0.0000000,0.0000000,1.0000000,0.0000000,1.0000000
4.0000000,78.0000000,0.0000000,0.0000000,1.0000000,0.0000000,1.0000000
5.0000000,78.0000000,0.0000000,0.0000000,1.0000000,0.0000000,1.0000000
6.0000000,78.0000000,0.1538500,0.0000000,0.8461500,0.5167500,0.9792900
7.0000000,78.0000000,0.3461500,0.0000000,0.6538500,0.7717700,0.9714000
8.0000000,78.0000000,0.6538500,0.0000000,0.3461500,1.2706300,0.9502000
1.0000000,79.0000000,0.0000000,0.0000000,1.0000000,0.0000000,1.0000000
2.0000000,79.0000000,0.0000000,0.0000000,1.0000000,0.0000000,1.0000000
3.0000000,79.0000000,0.0000000,0.0000000,1.0000000,0.0000000,1.0000000
4.0000000,79.0000000,0.0000000,0.0000000,1.0000000,0.0000000,1.0000000
5.0000000,79.0000000,0.0000000,0.0000000,1.0000000,0.0000000,1.0000000
6.0000000,79.0000000,0.0384600,0.0000000,0.9615400,0.0305700,0.9995100
7.0000000,79.0000000,0.1923100,0.0000000,0.8076900,0.2723700,0.9902600
8.0000000,79.0000000,0.6153800,0.0000000,0.3846200,1.2778200,0.9493700
1.0000000,80.0000000,0.0000000,0.0000000,1.0000000,0.0000000,1.0000000
2.0000000,80.0000000,0.0000000,0.0000000,1.0000000,0.0000000,1.0000000
3.0000000,80.0000000,0.0000000,0.0000000,1.0000000,0.0000000,1.0000000
4.0000000,80.0000000,0.0000000,0.0000000,1.0000000,0.0000000,1.0000000
5.0000000,80.0000000,0.0000000,0.0000000,1.0000000,0.0000000,1.0000000
6.0000000,80.0000000,0.0000000,0.0000000,1.0000000,0.0000000,1.0000000
7.0000000,80.0000000,0.1153800,0.0000000,0.8846200,0.2029700,0.9860600
8.0000000,80.0000000,0.3461500,0.0000000,0.6538500,0.9628600,0.9538500
1.0000000,81.0000000,0.0000000,0.0000000,1.0000000,0.0000000,1.0000000
2.0000000,81.0000000,0.0000000,0.0000000,1.0000000,0.0000000,1.0000000
3.0000000,81.0000000,0.0000000,0.0000000,1.0000000,0.0000000,1.0000000
4.0000000,81.0000000,0.0000000,0.0000000,1.0000000,0.0000000,1.0000000
5.0000000,81.0000000,0.0000000,0.0000000,1.0000000,0.0000000,1.0000000
6.0000000,81.0000000,0.1538500,0.0000000,0.8461500,0.1223000,0.9981000
7.0000000,81.0000000,0.4230800,0.0000000,0.5769200,1.0970600,0.9672400
8.0000000,81.0000000,0.7692300,0.0000000,0.2307700,2.6196900,0.9154800
1.0000000,82.0000000,0.0000000,0.0000000,1.0000000,0.0000000,1.0000000
2.0000000,82.0000000,0.0000000,0.0000000,1.0000000,0.0000000,1.0000000
3.0000000,82.0000000,0.0000000,0.0000000,1.0000000,0.0000000,1.0000000
4.0000000,82.0000000,0.0384600,0.0000000,0.9615400,0.0305700,0.9995300
5.0000000,82.0000000,0.0000000,0.0000000,1.0000000,0.0000000,1.0000000
6.0000000,82.0000000,0.0769200,0.0000000,0.9230800,0.0785700,0.9971900
7.0000000,82.0000000,0.1923100,0.0000000,0.8076900,0.4587000,0.9845200
8.0000000,82.0000000,0.8076900,0.0000000,0.1923100,2.8894800,0.8963400
1.0000000,83.0000000,0.0000000,0.0000000,1.0000000,0.0000000,1.0000000
2.0000000,83.0000000,0.0000000,0.0000000,1.0000000,0.0000000,1.0000000
3.0000000,83.0000000,0.0000000,0.0000000,1.0000000,0.0000000,1.0000000
4.0000000,83.0000000,0.0000000,0.0000000,1.0000000,0.0000000,1.0000000
5.0000000,83.0000000,0.0384600,0.0000000,0.9615400,0.0305700,0.9995400
6.0000000,83.0000000,0.0384600,0.0000000,0.9615400,0.0305700,0.9995400
7.0000000,83.0000000,0.3461500,0.0000000,0.6538500,0.6661100,0.9777600
8.0000000,83.0000000,0.5384600,0.0000000,0.4615400,1.2626200,0.9453200
1.0000000,84.0000000,0.0000000,0.0000000,1.0000000,0.0000000,1.0000000
2.0000000,84.0000000,0.0000000,0.0000000,1.0000000,0.0000000,1.0000000
3.0000000,84.0000000,0.0000000,0.0000000,1.0000000,0.0000000,1.0000000
4.0000000,84.0000000,0.0000000,0.0000000,1.0000000,0.0000000,1.0000000
5.0000000,84.0000000,0.0000000,0.0000000,1.0000000,0.0000000,1.0000000
6.0000000,84.0000000,0.0384600,0.0000000,0.9615400,0.0256300,0.9972500
7.0000000,84.0000000,0.1153800,0.0000000,0.8846200,0.1101500,0.9926700
8.0000000,84.0000000,0.3461500,0.0000000,0.6538500,1.2468800,0.9386400
1.0000000,85.0000000,0.0000000,0.0000000,1.0000000,0.0000000,1.0000000
2.0000000,85.0000000,0.0000000,0.0000000,1.0000000,0.0000000,1.0000000
3.0000000,85.0000000,0.0000000,0.0000000,1.0000000,0.0000000,1.0000000
4.0000000,85.0000000,0.0000000,0.0000000,1.0000000,0.0000000,1.0000000
5.0000000,85.0000000,0.0384600,0.0000000,0.9615400,0.0305700,0.9995500
6.0000000,85.0000000,0.0384600,0.0000000,0.9615400,0.0987600,0.9959300
7.0000000,85.0000000,0.3846200,0.0000000,0.6153800,1.2916800,0.9597300
8.0000000,85.0000000,0.7692300,0.0000000,0.2307700,3.5402800,0.8823500
1.0000000,86.0000000,0.0000000,0.0000000,1.0000000,0.0000000,1.0000000
2.0000000,86.0000000,0.0000000,0.0000000,1.0000000,0.0000000,1.0000000
3.0000000,86.0000000,0.0000000,0.0000000,1.0000000,0.0000000,1.0000000
4.0000000,86.0000000,0.0000000,0.0000000,1.0000000,0.0000000,1.0000000
5.0000000,86.0000000,0.0000000,0.0000000,1.0000000,0.0000000,1.0000000
6.0000000,86.0000000,0.0384600,0.0000000,0.9615400,0.0305700,0.9995500
7.0000000,86.0000000,0.3076900,0.0000000,0.6923100,0.5428300,0.9825600
8.0000000,86.0000000,0.5000000,0.0000000,0.5000000,2.2226800,0.9248700
1.0000000,87.0000000,0.0000000,0.0000000,1.0000000,0.0000000,1.0000000
2.0000000,87.0000000,0.0000000,0.0000000,1.0000000,0.0000000,1.0000000
3.0000000,87.0000000,0.0000000,0.0000000,1.0000000,0.0000000,1.0000000
4.0000000,87.0000000,0.0000000,0.0000000,1.0000000,0.0000000,1.0000000
5.0000000,87.0000000,0.0000000,0.0000000,1.0000000,0.0000000,1.0000000
6.0000000,87.0000000,0.1923100,0.0000000,0.8076900,0.2808000,0.9933700
7.0000000,87.0000000,0.1153800,0.0000000,0.8846200,0.0987200,0.9977900
8.0000000,87.0000000,0.5000000,0.0000000,0.5000000,1.1762900,0.9549100
1.0000000,88.0000000,0.0000000,0.0000000,1.0000000,0.0000000,1.0000000
2.0000000,88.0000000,0.0000000,0.0000000,1.0000000,0.0000000,1.0000000
3.0000000,88.0000000,0.0000000,0.0000000,1.0000000,0.0000000,1.0000000
4.0000000,88.0000000,0.0000000,0.0000000,1.0000000,0.0000000,1.0000000
5.0000000,88.0000000,0.0000000,0.0000000,1.0000000,0.0000000,1.0000000
6.0000000,88.0000000,0.0000000,0.0000000,1.0000000,0.0000000,1.0000000
7.0000000,88.0000000,0.1153800,0.0000000,0.8846200,0.3780700,0.9838300
8.0000000,88.0000000,0.4615400,0.0000000,0.5384600,1.3969300,0.9449300
1.0000000,89.0000000,0.0000000,0.0000000,1.0000000,0.0000000,1.0000000
2.0000000,89.0000000,0.0000000,0.0000000,1.0000000,0.0000000,1.0000000
3.0000000,89.0000000,0.0000000,0.0000000,1.0000000,0.0000000,1.0000000
4.0000000,89.0000000,0.0000000,0.0000000,1.0000000,0.0000000,1.0000000
5.0000000,89.0000000,0.0000000,0.0000000,1.0000000,0.0000000,1.0000000
6.0000000,89.0000000,0.1153800,0.0000000,0.8846200,0.4981800,0.9866000
7.0000000,89.0000000,0.3076900,0.0000000,0.6923100,0.7309700,0.9762300
8.0000000,89.0000000,0.5769200,0.0000000,0.4230800,2.2316700,0.9269700
1.0000000,90.0000000,0.0000000,0.0000000,1.0000000,0.0000000,1.0000000
2.0000000,90.0000000,0.0000000,0.0000000,1.0000000,0.0000000,1.0000000
3.0000000,90.0000000,0.0000000,0.0000000,1.0000000,0.0000000,1.0000000
4.0000000,90.0000000,0.0000000,0.0000000,1.0000000,0.0000000,1.0000000
5.0000000,90.0000000,0.0000000,0.0000000,1.0000000,0.0000000,1.0000000
6.0000000,90.0000000,0.0769200,0.0000000,0.9230800,0.0611500,0.9991500
7.0000000,90.0000000,0.2307700,0.0000000,0.7692300,0.4837100,0.9786300
8.0000000,90.0000000,0.4615400,0.0000000,0.5384600,0.8506000,0.9726500
1.0000000,91.0000000,0.0000000,0.0000000,1.0000000,0.0000000,1.0000000
2.0000000,91.0000000,0.0000000,0.0000000,1.0000000,0.0000000,1.0000000
3.0000000,91.0000000,0.0000000,0.0000000,1.0000000,0.0000000,1.0000000
4.0000000,91.0000000,0.0000000,0.0000000,1.0000000,0.0000000,1.0000000
5.0000000,91.0000000,0.0000000,0.0000000,1.0000000,0.0000000,1.0000000
6.0000000,91.0000000,0.0000000,0.0000000,1.0000000,0.0000000,1.0000000
7.0000000,91.0000000,0.1153800,0.0000000,0.8846200,0.1608900,0.9949300
8.0000000,91.0000000,0.5000000,0.0000000,0.5000000,1.3127800,0.9505500
1.0000000,92.0000000,0.0000000,0.0000000,1.0000000,0.0000000,1.0000000
2.0000000,92.0000000,0.0000000,0.0000000,1.0000000,0.0000000,1.0000000
3.0000000,92.0000000,0.0000000,0.0000000,1.0000000,0.0000000,1.0000000
4.0000000,92.0000000,0.0000000,0.0000000,1.0000000,0.0000000,1.0000000
5.0000000,92.0000000,0.0000000,0.0000000,1.0000000,0.0000000,1.0000000
6.0000000,92.0000000,0.0000000,0.0000000,1.0000000,0.0000000,1.0000000
7.0000000,92.0000000,0.1153800,0.0000000,0.8846200,0.1472900,0.9878800
8.0000000,92.0000000,0.3076900,0.0000000,0.6923100,0.7208900,0.9648800
1.0000000,93.0000000,0.0000000,0.0000000,1.0000000,0.0000000,1.0000000
2.0000000,93.0000000,0.0000000,0.0000000,1.0000000,0.0000000,1.0000000
3.0000000,93.0000000,0.0000000,0.0000000,1.0000000,0.0000000,1.0000000
4.0000000,93.0000000,0.0000000,0.0000000,1.0000000,0.0000000,1.0000000
5.0000000,93.0000000,0.0000000,0.0000000,1.0000000,0.0000000,1.0000000
6.0000000,93.0000000,0.0769200,0.0000000,0.9230800,0.0782400,0.9975200
7.0000000,93.0000000,0.1538500,0.0000000,0.8461500,0.2869000,0.9917300
8.0000000,93.0000000,0.4615400,0.0000000,0.5384600,1.1209900,0.9627800
1.0000000,94.0000000,0.0000000,0.0000000,1.0000000,0.0000000,1.0000000
2.0000000,94.0000000,0.0000000,0.0000000,1.0000000,0.0000000,1.0000000
3.0000000,94.0000000,0.0000000,0.0000000,1.0000000,0.0000000,1.0000000
4.0000000,94.0000000,0.0384600,0.0000000,0.9615400,0.0305700,0.9995900
5.0000000,94.0000000,0.0000000,0.0000000,1.0000000,0.0000000,1.0000000
6.0000000,94.0000000,0.0000000,0.0000000,1.0000000,0.0000000,1.0000000
7.0000000,94.0000000,0.1153800,0.0000000,0.8846200,0.8401200,0.9762700
8.0000000,94.0000000,0.4230800,0.0000000,0.5769200,0.8225800,0.9799500
1.0000000,95.0000000,0.0000000,0.0000000,1.0000000,0.0000000,1.0000000
2.0000000,95.0000000,0.0000000,0.0000000,1.0000000,0.0000000,1.0000000
3.0000000,95.0000000,0.0000000,0.0000000,1.0000000,0.0000000,1.0000000
4.0000000,95.0000000,0.0000000,0.0000000,1.0000000,0.0000000,1.0000000
5.0000000,95.0000000,0.0000000,0.0000000,1.0000000,0.0000000,1.0000000
6.0000000,95.0000000,0.0769200,0.0000000,0.9230800,0.0611500,0.9991900
7.0000000,95.0000000,0.0000000,0.0000000,1.0000000,0.0000000,1.0000000
8.0000000,95.0000000,0.1923100,0.0000000,0.8076900,0.3907500,0.9886600
1.0000000,96.0000000,0.0000000,0.0000000,1.0000000,0.0000000,1.0000000
2.0000000,96.0000000,0.0000000,0.0000000,1.0000000,0.0000000,1.0000000
3.0000000,96.0000000,0.0000000,0.0000000,1.0000000,0.0000000,1.0000000
4.0000000,96.0000000,0.0000000,0.0000000,1.0000000,0.0000000,1.0000000
5.0000000,96.0000000,0.0384600,0.0000000,0.9615400,0.1599700,0.9943900
6.0000000,96.0000000,0.0000000,0.0000000,1.0000000,0.0000000,1.0000000
7.0000000,96.0000000,0.0384600,0.0000000,0.9615400,0.0070000,0.9992000
8.0000000,96.0000000,0.2307700,0.0000000,0.7692300,0.3989200,0.9823700
1.0000000,97.0000000,0.0000000,0.0000000,1.0000000,0.0000000,1.0000000
2.0000000,97.0000000,0.0000000,0.0000000,1.0000000,0.0000000,1.0000000
3.0000000,97.0000000,0.0000000,0.0000000,1.0000000,0.0000000,1.0000000
4.0000000,97.0000000,0.0000000,0.0000000,1.0000000,0.0000000,1.0000000
5.0000000,97.0000000,0.0000000,0.0000000,1.0000000,0.0000000,1.0000000
6.0000000,97.0000000,0.0000000,0.0000000,1.0000000,0.0000000,1.0000000
7.0000000,97.0000000,0.1538500,0.0000000,0.8461500,0.2425300,0.9940500
8.0000000,97.0000000,0.3846200,0.0000000,0.6153800,1.5458000,0.9591600
1.0000000,98.0000000,0.0000000,0.0000000,1.0000000,0.0000000,1.0000000
2.0000000,98.0000000,0.0000000,0.0000000,1.0000000,0.0000000,1.0000000
3.0000000,98.0000000,0.0000000,0.0000000,1.0000000,0.0000000,1.0000000
4.0000000,98.0000000,0.0000000,0.0000000,1.0000000,0.0000000,1.0000000
5.0000000,98.0000000,0.0000000,0.0000000,1.0000000,0.0000000,1.0000000
6.0000000,98.0000000,0.0000000,0.0000000,1.0000000,0.0000000,1.0000000
7.0000000,98.0000000,0.2307700,0.0000000,0.7692300,0.5425700,0.9823400
8.0000000,98.0000000,0.5769200,0.0000000,0.4230800,2.4477200,0.9262200
1.0000000,99.0000000,0.0000000,0.0000000,1.0000000,0.0000000,1.0000000
2.0000000,99.0000000,0.0000000,0.0000000,1.0000000,0.0000000,1.0000000
3.0000000,99.0000000,0.0000000,0.0000000,1.0000000,0.0000000,1.0000000
4.0000000,99.0000000,0.0000000,0.0000000,1.0000000,0.0000000,1.0000000
5.0000000,99.0000000,0.0000000,0.0000000,1.0000000,0.0000000,1.0000000
6.0000000,99.0000000,0.0769200,0.0000000,0.9230800,0.3759400,0.9879600
7.0000000,99.0000000,0.0384600,0.0000000,0.9615400,0.3543000,0.9895100
8.0000000,99.0000000,0.3846200,0.0000000,0.6153800,1.1947700,0.9580400
1.0000000,100.0000000,0.0000000,0.0000000,1.0000000,0.0000000,1.0000000
2.0000000,100.0000000,0.0000000,0.0000000,1.0000000,0.0000000,1.0000000
3.0000000,100.0000000,0.0000000,0.0000000,1.0000000,0.0000000,1.0000000
4.0000000,100.0000000,0.0000000,0.0000000,1.0000000,0.0000000,1.0000000
5.0000000,100.0000000,0.0000000,0.0000000,1.0000000,0.0000000,1.0000000
6.0000000,100.0000000,0.0769200,0.0000000,0.9230800,0.1324000,0.9938500
7.0000000,100.0000000,0.0769200,0.0000000,0.9230800,0.2207400,0.9946200
8.0000000,100.0000000,0.1923100,0.0000000,0.8076900,0.7549900,0.9723100
1.0000000,101.0000000,0.0000000,0.0000000,1.0000000,0.0000000,1.0000000
2.0000000,101.0000000,0.0000000,0.0000000,1.0000000,0.0000000,1.0000000
3.0000000,101.0000000,0.0000000,0.0000000,1.0000000,0.0000000,1.0000000
4.0000000,101.0000000,0.0000000,0.0000000,1.0000000,0.0000000,1.0000000
5.0000000,101.0000000,0.0000000,0.0000000,1.0000000,0.0000000,1.0000000
6.0000000,101.0000000,0.0000000,0.0000000,1.0000000,0.0000000,1.0000000
7.0000000,101.0000000,0.0769200,0.0000000,0.9230800,0.2297500,0.9939100
8.0000000,101.0000000,0.4615400,0.0000000,0.5384600,2.0613600,0.9466900
1.0000000,102.0000000,0.0000000,0.0000000,1.0000000,0.0000000,1.0000000
2.0000000,102.0000000,0.0000000,0.0000000,1.0000000,0.0000000,1.0000000
3.0000000,102.0000000,0.0000000,0.0000000,1.0000000,0.0000000,1.0000000
4.0000000,102.0000000,0.0000000,0.0000000,1.0000000,0.0000000,1.0000000
5.0000000,102.0000000,0.0000000,0.0000000,1.0000000,0.0000000,1.0000000
6.0000000,102.0000000,0.0000000,0.0000000,1.0000000,0.0000000,1.0000000
7.0000000,102.0000000,0.0384600,0.0000000,0.9615400,0.0305700,0.9996200
8.0000000,102.0000000,0.1923100,0.0000000,0.8076900,0.3211400,0.9913300
1.0000000,103.0000000,0.0000000,0.0000000,1.0000000,0.0000000,1.0000000
2.0000000,103.0000000,0.0000000,0.0000000,1.0000000,0.0000000,1.0000000
3.0000000,103.0000000,0.0000000,0.0000000,1.0000000,0.0000000,1.0000000
4.0000000,103.0000000,0.0000000,0.0000000,1.0000000,0.0000000,1.0000000
5.0000000,103.0000000,0.0000000,0.0000000,1.0000000,0.0000000,1.0000000
6.0000000,103.0000000,0.0000000,0.0000000,1.0000000,0.0000000,1.0000000
7.0000000,103.0000000,0.0384600,0.0000000,0.9615400,0.0305700,0.9996300
8.0000000,103.0000000,0.2307700,0.0000000,0.7692300,0.7680000,0.9734900
1.0000000,104.0000000,0.0000000,0.0000000,1.0000000,0.0000000,1.0000000
2.0000000,104.0000000,0.0000000,0.0000000,1.0000000,0.0000000,1.0000000
3.0000000,104.0000000,0.0000000,0.0000000,1.0000000,0.0000000,1.0000000
4.0000000,104.0000000,0.0000000,0.0000000,1.0000000,0.0000000,1.0000000
5.0000000,104.0000000,0.0000000,0.0000000,1.0000000,0.0000000,1.0000000
6.0000000,104.0000000,0.0384600,0.0000000,0.9615400,0.0436000,0.9966700
7.0000000,104.0000000,0.0384600,0.0000000,0.9615400,0.0368200,0.9974100
8.0000000,104.0000000,0.1153800,0.0000000,0.8846200,0.3134500,0.9852100
1.0000000,105.0000000,0.0000000,0.0000000,1.0000000,0.0000000,1.0000000
2.0000000,105.0000000,0.0000000,0.0000000,1.0000000,0.0000000,1.0000000
3.0000000,105.0000000,0.0000000,0.0000000,1.0000000,0.0000000,1.0000000
4.0000000,105.0000000,0.0769200,0.0000000,0.9230800,0.0611500,0.9992700
5.0000000,105.0000000,0.0000000,0.0000000,1.0000000,0.0000000,1.0000000
6.0000000,105.0000000,0.0000000,0.0000000,1.0000000,0.0000000,1.0000000
7.0000000,105.0000000,0.0384600,0.0000000,0.9615400,0.2006100,0.9948700
8.0000000,105.0000000,0.3461500,0.0000000,0.6538500,0.8374000,0.9798500
1.0000000,106.0000000,0.0000000,0.0000000,1.0000000,0.0000000,1.0000000
2.0000000,106.0000000,0.0000000,0.0000000,1.0000000,0.0000000,1.0000000
3.0000000,106.0000000,0.0000000,0.0000000,1.0000000,0.0000000,1.0000000
4.0000000,106.0000000,0.0000000,0.0000000,1.0000000,0.0000000,1.0000000
5.0000000,106.0000000,0.0000000,0.0000000,1.0000000,0.0000000,1.0000000
6.0000000,106.0000000,0.0384600,0.0000000,0.9615400,0.0000000,1.0000000
7.0000000,106.0000000,0.0769200,0.0000000,0.9230800,0.3286100,0.9905700
8.0000000,106.0000000,0.1923100,0.0000000,0.8076900,0.5485600,0.9854900
1.0000000,107.0000000,0.0000000,0.0000000,1.0000000,0.0000000,1.0000000
2.0000000,107.0000000,0.0000000,0.0000000,1.0000000,0.0000000,1.0000000
3.0000000,107.0000000,0.0000000,0.0000000,1.0000000,0.0000000,1.0000000
4.0000000,107.0000000,0.0384600,0.0000000,0.9615400,0.0305700,0.9996400
5.0000000,107.0000000,0.0384600,0.0000000,0.9615400,0.0305700,0.9996400
6.0000000,107.0000000,0.0000000,0.0000000,1.0000000,0.0000000,1.0000000
7.0000000,107.0000000,0.0384600,0.0000000,0.9615400,0.1001500,0.9964100
8.0000000,107.0000000,0.1153800,0.0000000,0.8846200,0.1996400,0.9953300
1.0000000,108.0000000,0.0000000,0.0000000,1.0000000,0.0000000,1.0000000
2.0000000,108.0000000,0.0000000,0.0000000,1.0000000,0.0000000,1.0000000
3.0000000,108.0000000,0.0000000,0.0000000,1.0000000,0.0000000,1.0000000
4.0000000,108.0000000,0.0000000,0.0000000,1.0000000,0.0000000,1.0000000
5.0000000,108.0000000,0.0000000,0.0000000,1.0000000,0.0000000,1.0000000
6.0000000,108.0000000,0.0384600,0.0000000,0.9615400,0.0642400,0.9964400
7.0000000,108.0000000,0.0384600,0.0000000,0.9615400,0.1054400,0.9957300
8.0000000,108.0000000,0.0000000,0.0000000,1.0000000,0.0000000,1.0000000
1.0000000,109.0000000,0.0000000,0.0000000,1.0000000,0.0000000,1.0000000
2.0000000,109.0000000,0.0000000,0.0000000,1.0000000,0.0000000,1.0000000
3.0000000,109.0000000,0.0000000,0.0000000,1.0000000,0.0000000,1.0000000
4.0000000,109.0000000,0.0384600,0.0000000,0.9615400,0.0305700,0.9996500
5.0000000,109.0000000,0.0000000,0.0000000,1.0000000,0.0000000,1.0000000
6.0000000,109.0000000,0.0384600,0.0000000,0.9615400,0.0991900,0.9968200
7.0000000,109.0000000,0.1538500,0.0000000,0.8461500,0.3890900,0.9918800
8.0000000,109.0000000,0.3076900,0.0000000,0.6923100,1.0524600,0.9749500
1.0000000,110.0000000,0.0000000,0.0000000,1.0000000,0.0000000,1.0000000
2.0000000,110.0000000,0.0000000,0.0000000,1.0000000,0.0000000,1.0000000
3.0000000,110.0000000,0.0000000,0.0000000,1.0000000,0.0000000,1.0000000
4.0000000,110.0000000,0.0000000,0.0000000,1.0000000,0.0000000,1.0000000
5.0000000,110.0000000,0.0000000,0.0000000,1.0000000,0.0000000,1.0000000
6.0000000,110.0000000,0.0000000,0.0000000,1.0000000,0.0000000,1.0000000
7.0000000,110.0000000,0.0000000,0.0000000,1.0000000,0.0000000,1.0000000
8.0000000,110.0000000,0.2307700,0.0000000,0.7692300,0.8249600,0.9776200
1.0000000,111.0000000,0.0000000,0.0000000,1.0000000,0.0000000,1.0000000
2.0000000,111.0000000,0.0000000,0.0000000,1.0000000,0.0000000,1.0000000
3.0000000,111.0000000,0.0000000,0.0000000,1.0000000,0.0000000,1.0000000
4.0000000,111.0000000,0.0000000,0.0000000,1.0000000,0.0000000,1.0000000
5.0000000,111.0000000,0.0000000,0.0000000,1.0000000,0.0000000,1.0000000
6.0000000,111.0000000,0.0000000,0.0000000,1.0000000,0.0000000,1.0000000
7.0000000,111.0000000,0.0384600,0.0000000,0.9615400,0.2181600,0.9944600
8.0000000,111.0000000,0.2307700,0.0000000,0.7692300,0.9850700,0.9726300
1.0000000,112.0000000,0.0000000,0.0000000,1.0000000,0.0000000,1.0000000
2.0000000,112.0000000,0.0000000,0.0000000,1.0000000,0.0000000,1.0000000
3.0000000,112.0000000,0.0000000,0.0000000,1.0000000,0.0000000,1.0000000
4.0000000,112.0000000,0.0000000,0.0000000,1.0000000,0.0000000,1.0000000
5.0000000,112.0000000,0.0000000,0.0000000,1.0000000,0.0000000,1.0000000
6.0000000,112.0000000,0.0000000,0.0000000,1.0000000,0.0000000,1.0000000
7.0000000,112.0000000,0.0384600,0.0000000,0.9615400,0.3573600,0.9910700
8.0000000,112.0000000,0.1538500,0.0000000,0.8461500,0.4330000,0.9845500
1.0000000,113.0000000,0.0000000,0.0000000,1.0000000,0.0000000,1.0000000
2.0000000,113.0000000,0.0000000,0.0000000,1.0000000,0.0000000,1.0000000
3.0000000,113.0000000,0.0000000,0.0000000,1.0000000,0.0000000,1.0000000
4.0000000,113.0000000,0.0000000,0.0000000,1.0000000,0.0000000,1.0000000
5.0000000,113.0000000,0.0000000,0.0000000,1.0000000,0.0000000,1.0000000
6.0000000,113.0000000,0.0000000,0.0000000,1.0000000,0.0000000,1.0000000
7.0000000,113.0000000,0.0384600,0.0000000,0.9615400,0.1764900,0.9966000
8.0000000,113.0000000,0.2307700,0.0000000,0.7692300,0.7507400,0.9823000
1.0000000,114.0000000,0.0000000,0.0000000,1.0000000,0.0000000,1.0000000
2.0000000,114.0000000,0.0000000,0.0000000,1.0000000,0.0000000,1.0000000
3.0000000,114.0000000,0.0000000,0.0000000,1.0000000,0.0000000,1.0000000
4.0000000,114.0000000,0.0000000,0.0000000,1.0000000,0.0000000,1.0000000
5.0000000,114.0000000,0.0000000,0.0000000,1.0000000,0.0000000,1.0000000
6.0000000,114.0000000,0.0384600,0.0000000,0.9615400,0.0305700,0.9996600
7.0000000,114.0000000,0.0384600,0.0000000,0.9615400,0.0305700,0.9996600
8.0000000,114.0000000,0.1538500,0.0000000,0.8461500,0.5175300,0.9881900
1.0000000,115.0000000,0.0000000,0.0000000,1.0000000,0.0000000,1.0000000
2.0000000,115.0000000,0.0000000,0.0000000,1.0000000,0.0000000,1.0000000
3.0000000,115.0000000,0.0000000,0.0000000,1.0000000,0.0000000,1.0000000
4.0000000,115.0000000,0.0384600,0.0000000,0.9615400,0.0305700,0.9996700
5.0000000,115.0000000,0.0000000,0.0000000,1.0000000,0.0000000,1.0000000
6.0000000,115.0000000,0.0000000,0.0000000,1.0000000,0.0000000,1.0000000
7.0000000,115.0000000,0.1153800,0.0000000,0.8846200,0.5317300,0.9859500
8.0000000,115.0000000,0.1153800,0.0000000,0.8846200,0.5770800,0.9839500
1.0000000,116.0000000,0.0000000,0.0000000,1.0000000,0.0000000,1.0000000
2.0000000,116.0000000,0.0000000,0.0000000,1.0000000,0.0000000,1.0000000
3.0000000,116.0000000,0.0000000,0.0000000,1.0000000,0.0000000,1.0000000
4.0000000,116.0000000,0.0000000,0.0000000,1.0000000,0.0000000,1.0000000
5.0000000,116.0000000,0.0000000,0.0000000,1.0000000,0.0000000,1.0000000
6.0000000,116.0000000,0.0000000,0.0000000,1.0000000,0.0000000,1.0000000
7.0000000,116.0000000,0.0769200,0.0000000,0.9230800,0.1200500,0.9950300
8.0000000,116.0000000,0.1538500,0.0000000,0.8461500,0.3084100,0.9880600
1.0000000,117.0000000,0.0000000,0.0000000,1.0000000,0.0000000,1.0000000
2.0000000,117.0000000,0.0000000,0.0000000,1.0000000,0.0000000,1.0000000
3.0000000,117.0000000,0.0000000,0.0000000,1.0000000,0.0000000,1.0000000
4.0000000,117.0000000,0.0000000,0.0000000,1.0000000,0.0000000,1.0000000
5.0000000,117.0000000,0.0000000,0.0000000,1.0000000,0.0000000,1.0000000
6.0000000,117.0000000,0.0384600,0.0000000,0.9615400,0.1486500,0.9960600
7.0000000,117.0000000,0.0384600,0.0000000,0.9615400,0.0305700,0.9996700
8.0000000,117.0000000,0.0384600,0.0000000,0.9615400,0.1921900,0.9954000
1.0000000,118.0000000,0.0000000,0.0000000,1.0000000,0.0000000,1.0000000
2.0000000,118.0000000,0.0000000,0.0000000,1.0000000,0.0000000,1.0000000
3.0000000,118.0000000,0.0000000,0.0000000,1.0000000,0.0000000,1.0000000
4.0000000,118.0000000,0.0000000,0.0000000,1.0000000,0.0000000,1.0000000
5.0000000,118.0000000,0.0000000,0.0000000,1.0000000,0.0000000,1.0000000
6.0000000,118.0000000,0.0000000,0.0000000,1.0000000,0.0000000,1.0000000
7.0000000,118.0000000,0.0384600,0.0000000,0.9615400,0.0305700,0.9996700
8.0000000,118.0000000,0.1923100,0.0000000,0.8076900,0.5337000,0.9876100
1.0000000,119.0000000,0.0000000,0.0000000,1.0000000,0.0000000,1.0000000
2.0000000,119.0000000,0.0000000,0.0000000,1.0000000,0.0000000,1.0000000
3.0000000,119.0000000,0.0000000,0.0000000,1.0000000,0.0000000,1.0000000
4.0000000,119.0000000,0.0000000,0.0000000,1.0000000,0.0000000,1.0000000
5.0000000,119.0000000,0.0000000,0.0000000,1.0000000,0.0000000,1.0000000
6.0000000,119.0000000,0.0000000,0.0000000,1.0000000,0.0000000,1.0000000
7.0000000,119.0000000,0.0384600,0.0000000,0.9615400,0.1220800,0.9967700
8.0000000,119.0000000,0.0769200,0.0000000,0.9230800,0.1569700,0.9964500
1.0000000,120.0000000,0.0000000,0.0000000,1.0000000,0.0000000,1.0000000
2.0000000,120.0000000,0.0000000,0.0000000,1.0000000,0.0000000,1.0000000
3.0000000,120.0000000,0.0000000,0.0000000,1.0000000,0.0000000,1.0000000
4.0000000,120.0000000,0.0000000,0.0000000,1.0000000,0.0000000,1.0000000
5.0000000,120.0000000,0.0000000,0.0000000,1.0000000,0.0000000,1.0000000
6.0000000,120.0000000,0.0000000,0.0000000,1.0000000,0.0000000,1.0000000
7.0000000,120.0000000,0.0384600,0.0000000,0.9615400,0.0216100,0.9984000
8.0000000,120.0000000,0.0769200,0.0000000,0.9230800,0.2331400,0.9916700
1.0000000,121.0000000,0.0000000,0.0000000,1.0000000,0.0000000,1.0000000
2.0000000,121.0000000,0.0000000,0.0000000,1.0000000,0.0000000,1.0000000
3.0000000,121.0000000,0.0000000,0.0000000,1.0000000,0.0000000,1.0000000
4.0000000,121.0000000,0.0000000,0.0000000,1.0000000,0.0000000,1.0000000
5.0000000,121.0000000,0.0000000,0.0000000,1.0000000,0.0000000,1.0000000
6.0000000,121.0000000,0.0000000,0.0000000,1.0000000,0.0000000,1.0000000
7.0000000,121.0000000,0.0384600,0.0000000,0.9615400,0.1176800,0.9977700
8.0000000,121.0000000,0.3076900,0.0000000,0.6923100,1.2790900,0.9729800
1.0000000,122.0000000,0.0000000,0.0000000,1.0000000,0.0000000,1.0000000
2.0000000,122.0000000,0.0000000,0.0000000,1.0000000,0.0000000,1.0000000
3.0000000,122.0000000,0.0000000,0.0000000,1.0000000,0.0000000,1.0000000
4.0000000,122.0000000,0.0000000,0.0000000,1.0000000,0.0000000,1.0000000
5.0000000,122.0000000,0.0000000,0.0000000,1.0000000,0.0000000,1.0000000
6.0000000,122.0000000,0.0000000,0.0000000,1.0000000,0.0000000,1.0000000
7.0000000,122.0000000,0.0769200,0.0000000,0.9230800,0.3476200,0.9930600
8.0000000,122.0000000,0.1153800,0.0000000,0.8846200,0.4350300,0.9896000
1.0000000,123.0000000,0.0000000,0.0000000,1.0000000,0.0000000,1.0000000
2.0000000,123.0000000,0.0000000,0.0000000,1.0000000,0.0000000,1.0000000
3.0000000,123.0000000,0.0000000,0.0000000,1.0000000,0.0000000,1.0000000
4.0000000,123.0000000,0.0000000,0.0000000,1.0000000,0.0000000,1.0000000
5.0000000,123.0000000,0.0000000,0.0000000,1.0000000,0.0000000,1.0000000
6.0000000,123.0000000,0.0000000,0.0000000,1.0000000,0.0000000,1.0000000
7.0000000,123.0000000,0.0384600,0.0000000,0.9615400,0.1374200,0.9959400
8.0000000,123.0000000,0.1538500,0.0000000,0.8461500,0.2222400,0.9928100
1.0000000,124.0000000,0.0000000,0.0000000,1.0000000,0.0000000,1.0000000
2.0000000,124.0000000,0.0000000,0.0000000,1.0000000,0.0000000,1.0000000
3.0000000,124.0000000,0.0000000,0.0000000,1.0000000,0.0000000,1.0000000
4.0000000,124.0000000,0.0000000,0.0000000,1.0000000,0.0000000,1.0000000
5.0000000,124.0000000,0.0000000,0.0000000,1.0000000,0.0000000,1.0000000
6.0000000,124.0000000,0.0000000,0.0000000,1.0000000,0.0000000,1.0000000
7.0000000,124.0000000,0.0000000,0.0000000,1.0000000,0.0000000,1.0000000
8.0000000,124.0000000,0.0000000,0.0000000,1.0000000,0.0000000,1.0000000
1.0000000,125.0000000,0.0000000,0.0000000,1.0000000,0.0000000,1.0000000
2.0000000,125.0000000,0.0000000,0.0000000,1.0000000,0.0000000,1.0000000
3.0000000,125.0000000,0.0000000,0.0000000,1.0000000,0.0000000,1.0000000
4.0000000,125.0000000,0.0000000,0.0000000,1.0000000,0.0000000,1.0000000
5.0000000,125.0000000,0.0000000,0.0000000,1.0000000,0.0000000,1.0000000
6.0000000,125.0000000,0.0384600,0.0000000,0.9615400,0.0305700,0.9996900
7.0000000,125.0000000,0.0384600,0.0000000,0.9615400,0.0305700,0.9996900
8.0000000,125.0000000,0.1538500,0.0000000,0.8461500,0.7043200,0.9873800
1.0000000,126.0000000,0.0000000,0.0000000,1.0000000,0.0000000,1.0000000
2.0000000,126.0000000,0.0000000,0.0000000,1.0000000,0.0000000,1.0000000
3.0000000,126.0000000,0.0000000,0.0000000,1.0000000,0.0000000,1.0000000
4.0000000,126.0000000,0.0384600,0.0000000,0.9615400,0.0305700,0.9996900
5.0000000,126.0000000,0.0000000,0.0000000,1.0000000,0.0000000,1.0000000
6.0000000,126.0000000,0.0000000,0.0000000,1.0000000,0.0000000,1.0000000
7.0000000,126.0000000,0.0000000,0.0000000,1.0000000,0.0000000,1.0000000
8.0000000,126.0000000,0.0384600,0.0000000,0.9615400,0.0305700,0.9996900
1.0000000,127.0000000,0.0000000,0.0000000,1.0000000,0.0000000,1.0000000
2.0000000,127.0000000,0.0000000,0.0000000,1.0000000,0.0000000,1.0000000
3.0000000,127.0000000,0.0000000,0.0000000,1.0000000,0.0000000,1.0000000
4.0000000,127.0000000,0.0000000,0.0000000,1.0000000,0.0000000,1.0000000
5.0000000,127.0000000,0.0000000,0.0000000,1.0000000,0.0000000,1.0000000
6.0000000,127.0000000,0.0000000,0.0000000,1.0000000,0.0000000,1.0000000
7.0000000,127.0000000,0.0384600,0.0000000,0.9615400,0.0521800,0.9981800
8.0000000,127.0000000,0.0000000,0.0000000,1.0000000,0.0000000,1.0000000
